label,total_quantity
Calvin Klein Men's Flexible Fit Trunk,16.0
Red Kap Men's Work Jeans 100% Cotton 13.75oz Heavyweight RK Denim,14.0
Calvin Klein Men Bamboo Blend Flat Knit Dress Sock - 3 Pack,14.0
Nautica Men's Sold Swimsuit Trunk,14.0
Leather Cover Passport Holder Travel Wallet with Logo Available in Different Colors,14.0
Thorlo Combat Boot Socks - Coyote Brown MCB,13.0
Basketball Socks Half Cushioned Crew Socks - Blue/Neon Yellow (One Size Fits All),13.0
Lucky Brand Women's Riley Frayed Printed Short,13.0
180s Men's Soft Shell Ear Warmer,13.0
Footprint Ski and Snowboard Unisex Bamboo Socks,13.0
Perry Ellis Men's Pure Cotton Solid Boxer,13.0
Carhartt Men's Jean Belt,13.0
2(x)ist Men's Sculpted No Show Trunk,13.0
Tommy Hilfiger Men's Plaid Woven Boxer,13.0
Nautica Men's Cotton Twill Flat Front Short,13.0
Scooby-Doo Halloween Rick or Reat Men's Lounge Pants,13.0
Cotton Handkerchief with Large Monogram Embroidery in Blue Pink Yellow or White,12.0
Allegra K Lady Rolled Up Sleeve Shawl Collar Front Openning Blazer Beige S,12.0
Allegra K Men 2012 Cut Out Hole Design Deers Pattern Sweater Dark Blue S,12.0
Dockers Men's 30Mm Reversible Swivel Buckle Belts,12.0
